GROUP,YEAR,measure,n_obs,mean
electric,2015,N_CERTS,2105,4.58
electric,2016,N_CERTS,2073,7.03
electric,2017,N_CERTS,2042,10.49
electric,2018,N_CERTS,2054,11.75
electric,2019,N_CERTS,1993,10.35
electric,2020,N_CERTS,1944,5.96
electric,2021,N_CERTS,1930,5.84
electric,2022,N_CERTS,1882,5.05
electric,2023,N_CERTS,1912,4.53
electric,2024,N_CERTS,1853,4.59
electric,2025,N_CERTS,1795,4.66
other,2015,N_CERTS,19613,3.05
other,2016,N_CERTS,19476,4.76
other,2017,N_CERTS,19005,5.64
other,2018,N_CERTS,18969,6.31
other,2019,N_CERTS,19010,5.02
other,2020,N_CERTS,18484,3.35
other,2021,N_CERTS,18964,3.13
other,2022,N_CERTS,18976,2.93
other,2023,N_CERTS,19170,2.82
other,2024,N_CERTS,19186,2.89
other,2025,N_CERTS,18701,2.99
electric,2015,N_ENFORCEMENT,2105,0.28
electric,2016,N_ENFORCEMENT,2073,0.27
electric,2017,N_ENFORCEMENT,2042,0.21
electric,2018,N_ENFORCEMENT,2054,0.26
electric,2019,N_ENFORCEMENT,1993,0.24
electric,2020,N_ENFORCEMENT,1944,0.19
electric,2021,N_ENFORCEMENT,1930,0.23
electric,2022,N_ENFORCEMENT,1882,0.31
electric,2023,N_ENFORCEMENT,1912,0.35
electric,2024,N_ENFORCEMENT,1853,0.27
electric,2025,N_ENFORCEMENT,1795,0.26
other,2015,N_ENFORCEMENT,19613,0.39
other,2016,N_ENFORCEMENT,19476,0.4
other,2017,N_ENFORCEMENT,19005,0.37
other,2018,N_ENFORCEMENT,18969,0.4
other,2019,N_ENFORCEMENT,19010,0.42
other,2020,N_ENFORCEMENT,18484,0.35
other,2021,N_ENFORCEMENT,18964,0.4
other,2022,N_ENFORCEMENT,18976,0.44
other,2023,N_ENFORCEMENT,19170,0.48
other,2024,N_ENFORCEMENT,19186,0.42
other,2025,N_ENFORCEMENT,18701,0.42
electric,2015,N_FORMAL,2105,0.09
electric,2016,N_FORMAL,2073,0.08
electric,2017,N_FORMAL,2042,0.07
electric,2018,N_FORMAL,2054,0.07
electric,2019,N_FORMAL,1993,0.07
electric,2020,N_FORMAL,1944,0.05
electric,2021,N_FORMAL,1930,0.07
electric,2022,N_FORMAL,1882,0.09
electric,2023,N_FORMAL,1912,0.09
electric,2024,N_FORMAL,1853,0.08
electric,2025,N_FORMAL,1795,0.05
other,2015,N_FORMAL,19613,0.1
other,2016,N_FORMAL,19476,0.12
other,2017,N_FORMAL,19005,0.09
other,2018,N_FORMAL,18969,0.1
other,2019,N_FORMAL,19010,0.11
other,2020,N_FORMAL,18484,0.09
other,2021,N_FORMAL,18964,0.11
other,2022,N_FORMAL,18976,0.11
other,2023,N_FORMAL,19170,0.11
other,2024,N_FORMAL,19186,0.1
other,2025,N_FORMAL,18701,0.08
electric,2015,N_HPV,2105,0.04
electric,2016,N_HPV,2073,0.03
electric,2017,N_HPV,2042,0.03
electric,2018,N_HPV,2054,0.03
electric,2019,N_HPV,1993,0.04
electric,2020,N_HPV,1944,0.03
electric,2021,N_HPV,1930,0.04
electric,2022,N_HPV,1882,0.04
electric,2023,N_HPV,1912,0.05
electric,2024,N_HPV,1853,0.03
electric,2025,N_HPV,1795,0.04
other,2015,N_HPV,19613,0.04
other,2016,N_HPV,19476,0.05
other,2017,N_HPV,19005,0.04
other,2018,N_HPV,18969,0.04
other,2019,N_HPV,19010,0.04
other,2020,N_HPV,18484,0.04
other,2021,N_HPV,18964,0.05
other,2022,N_HPV,18976,0.06
other,2023,N_HPV,19170,0.06
other,2024,N_HPV,19186,0.04
other,2025,N_HPV,18701,0.04
electric,2015,N_INFORMAL,2105,0.18
electric,2016,N_INFORMAL,2073,0.19
electric,2017,N_INFORMAL,2042,0.15
electric,2018,N_INFORMAL,2054,0.19
electric,2019,N_INFORMAL,1993,0.17
electric,2020,N_INFORMAL,1944,0.14
electric,2021,N_INFORMAL,1930,0.15
electric,2022,N_INFORMAL,1882,0.23
electric,2023,N_INFORMAL,1912,0.26
electric,2024,N_INFORMAL,1853,0.19
electric,2025,N_INFORMAL,1795,0.21
other,2015,N_INFORMAL,19613,0.29
other,2016,N_INFORMAL,19476,0.28
other,2017,N_INFORMAL,19005,0.28
other,2018,N_INFORMAL,18969,0.3
other,2019,N_INFORMAL,19010,0.31
other,2020,N_INFORMAL,18484,0.26
other,2021,N_INFORMAL,18964,0.3
other,2022,N_INFORMAL,18976,0.33
other,2023,N_INFORMAL,19170,0.37
other,2024,N_INFORMAL,19186,0.33
other,2025,N_INFORMAL,18701,0.34
electric,2015,N_INSPECTIONS,2105,2.46
electric,2016,N_INSPECTIONS,2073,2.64
electric,2017,N_INSPECTIONS,2042,2.29
electric,2018,N_INSPECTIONS,2054,2.24
electric,2019,N_INSPECTIONS,1993,2.46
electric,2020,N_INSPECTIONS,1944,2.64
electric,2021,N_INSPECTIONS,1930,2.51
electric,2022,N_INSPECTIONS,1882,2.49
electric,2023,N_INSPECTIONS,1912,2.37
electric,2024,N_INSPECTIONS,1853,2.33
electric,2025,N_INSPECTIONS,1795,2.24
other,2015,N_INSPECTIONS,19613,1.69
other,2016,N_INSPECTIONS,19476,1.77
other,2017,N_INSPECTIONS,19005,1.59
other,2018,N_INSPECTIONS,18969,1.58
other,2019,N_INSPECTIONS,19010,1.67
other,2020,N_INSPECTIONS,18484,1.66
other,2021,N_INSPECTIONS,18964,1.65
other,2022,N_INSPECTIONS,18976,1.63
other,2023,N_INSPECTIONS,19170,1.62
other,2024,N_INSPECTIONS,19186,1.59
other,2025,N_INSPECTIONS,18701,1.55
electric,2015,N_PENALTIES,2105,0.09
electric,2016,N_PENALTIES,2073,0.08
electric,2017,N_PENALTIES,2042,0.06
electric,2018,N_PENALTIES,2054,0.07
electric,2019,N_PENALTIES,1993,0.06
electric,2020,N_PENALTIES,1944,0.05
electric,2021,N_PENALTIES,1930,0.07
electric,2022,N_PENALTIES,1882,0.07
electric,2023,N_PENALTIES,1912,0.08
electric,2024,N_PENALTIES,1853,0.07
electric,2025,N_PENALTIES,1795,0.04
other,2015,N_PENALTIES,19613,0.09
other,2016,N_PENALTIES,19476,0.11
other,2017,N_PENALTIES,19005,0.07
other,2018,N_PENALTIES,18969,0.09
other,2019,N_PENALTIES,19010,0.09
other,2020,N_PENALTIES,18484,0.07
other,2021,N_PENALTIES,18964,0.09
other,2022,N_PENALTIES,18976,0.1
other,2023,N_PENALTIES,19170,0.09
other,2024,N_PENALTIES,19186,0.09
other,2025,N_PENALTIES,18701,0.07
electric,2015,N_STACK_TESTS,2105,2.25
electric,2016,N_STACK_TESTS,2073,2.89
electric,2017,N_STACK_TESTS,2042,3.45
electric,2018,N_STACK_TESTS,2054,2.55
electric,2019,N_STACK_TESTS,1993,2.43
electric,2020,N_STACK_TESTS,1944,3.98
electric,2021,N_STACK_TESTS,1930,4.71
electric,2022,N_STACK_TESTS,1882,3.78
electric,2023,N_STACK_TESTS,1912,2.72
electric,2024,N_STACK_TESTS,1853,7.03
electric,2025,N_STACK_TESTS,1795,2.7
other,2015,N_STACK_TESTS,19613,0.83
other,2016,N_STACK_TESTS,19476,0.91
other,2017,N_STACK_TESTS,19005,0.92
other,2018,N_STACK_TESTS,18969,0.89
other,2019,N_STACK_TESTS,19010,0.94
other,2020,N_STACK_TESTS,18484,1.22
other,2021,N_STACK_TESTS,18964,1.23
other,2022,N_STACK_TESTS,18976,0.99
other,2023,N_STACK_TESTS,19170,0.93
other,2024,N_STACK_TESTS,19186,1.14
other,2025,N_STACK_TESTS,18701,0.91
electric,2015,N_VIOLATIONS,2105,0.1
electric,2016,N_VIOLATIONS,2073,0.11
electric,2017,N_VIOLATIONS,2042,0.09
electric,2018,N_VIOLATIONS,2054,0.13
electric,2019,N_VIOLATIONS,1993,0.15
electric,2020,N_VIOLATIONS,1944,0.12
electric,2021,N_VIOLATIONS,1930,0.11
electric,2022,N_VIOLATIONS,1882,0.15
electric,2023,N_VIOLATIONS,1912,0.17
electric,2024,N_VIOLATIONS,1853,0.14
electric,2025,N_VIOLATIONS,1795,0.14
other,2015,N_VIOLATIONS,19613,0.12
other,2016,N_VIOLATIONS,19476,0.15
other,2017,N_VIOLATIONS,19005,0.14
other,2018,N_VIOLATIONS,18969,0.17
other,2019,N_VIOLATIONS,19010,0.18
other,2020,N_VIOLATIONS,18484,0.15
other,2021,N_VIOLATIONS,18964,0.19
other,2022,N_VIOLATIONS,18976,0.19
other,2023,N_VIOLATIONS,19170,0.21
other,2024,N_VIOLATIONS,19186,0.2
other,2025,N_VIOLATIONS,18701,0.19
