"year","timestamp","file","staged_md5","candidate_md5"
2016,"20161230164933","ICIS-AIR_FACILITIES.csv","820d84bf8a7a3e5824720d2c18351c01","e70fcab83e3fe505a1be096278783543"
2016,"20161230164933","ICIS-AIR_FCES_PCES.csv","f04d4b82de9b2dcbbd4b069b880e757a","7ebd74530404b2a6dc3086cd05297c38"
2016,"20161230164933","ICIS-AIR_FORMAL_ACTIONS.csv","c13e4dff23c13d08b8d96928ab3fe395","9f93e13dacc7e0577cdc40c6aa90a146"
2016,"20161230164933","ICIS-AIR_INFORMAL_ACTIONS.csv","32f0c4c3d9445fec6525222dbc2aee49","61299485cbe388131f3b134dea27f64f"
2016,"20161230164933","ICIS-AIR_POLLUTANTS.csv","08ff7a8e752a682eb05d52b8c267019a","5223ca8e468ec9cf6e2b1ffbd3401346"
2016,"20161230164933","ICIS-AIR_PROGRAM_SUBPARTS.csv","04377cfc4b339bbaf5d70133dd8397c0","9256beae706471f58f11a7b13bbea4ff"
2016,"20161230164933","ICIS-AIR_PROGRAMS.csv","8827f43edaed66b3bb0f4763291851be","94f1e263166142aef251d092b15f269a"
2016,"20161230164933","ICIS-AIR_STACK_TESTS.csv","0caa81bde157a95bc918bf8c496035ed","72ccdb03f2680c9aff6e2f09d49804d4"
2016,"20161230164933","ICIS-AIR_TITLEV_CERTS.csv","4418db1d2674c16f4413abaaf5eb5a37","0ae31c1cdcb6dfcb747cf50806fd7301"
2016,"20161230164933","ICIS-AIR_VIOLATION_HISTORY.csv","062acac64d66658fe4efd524821d91b8","c3ae7947b7e9b2e6461c9ff495e078a0"
2022,"20221217025906","ICIS-AIR_FACILITIES.csv","448c4eab334b8560903d6006bc3a3a26","a7d78e89369dd3e982d567b1d6d64a8b"
2022,"20221217025906","ICIS-AIR_FCES_PCES.csv","59cb5b6f34188ce01100361e279ed282","40ff5468850da03c4571fe5d7b5278f9"
2022,"20221217025906","ICIS-AIR_FORMAL_ACTIONS.csv","8b1f27cdec3ef63401207f26193beb32","ec461e8cd322672819e641d19590f929"
2022,"20221217025906","ICIS-AIR_INFORMAL_ACTIONS.csv","577c308b14106793bbfe0e25ceb2ce5b","75825bbc87fa801a3cf6f86468235060"
2022,"20221217025906","ICIS-AIR_POLLUTANTS.csv","def615a8487b489c943e841da7c01af8","1a657dccbe3e5a2ffcb0424b5a92d4fd"
2022,"20221217025906","ICIS-AIR_PROGRAM_SUBPARTS.csv","2e5087c22116f386caf14196b69bb1bc","6bd24273e5e9903aca50ed4816a3d05b"
2022,"20221217025906","ICIS-AIR_PROGRAMS.csv","f6da5b4a6458a89aed07f182340109f4","a6c17f8e1ef315f1123f7a9e18acd3b4"
2022,"20221217025906","ICIS-AIR_STACK_TESTS.csv","01ea7967b56a61120dabbc282e0883e0","9e3a4f54e5732f88479e4d2be514cf51"
2022,"20221217025906","ICIS-AIR_TITLEV_CERTS.csv","94820031143454fd2d7cf9b5c673c652","c7c737f04550e60654a15b7d7c3e9636"
2022,"20221217025906","ICIS-AIR_VIOLATION_HISTORY.csv","588ed4dfdd361cc43c7ea1a80e61182c","bb3e73846634f77ba5bc569ab2e91076"
