source,file,url,downloaded_at,md5
icis_air,ICIS-AIR_FACILITIES.csv,https://echo.epa.gov/files/echodownloads/ICIS-AIR_downloads.zip,2026-07-26T16:26:00-0400,c3f69659bf3c382d3309c2db820f1d12
icis_air,ICIS-AIR_FCES_PCES.csv,https://echo.epa.gov/files/echodownloads/ICIS-AIR_downloads.zip,2026-07-26T16:26:00-0400,b5b934ceead932a5007be53cb546db96
icis_air,ICIS-AIR_FORMAL_ACTIONS.csv,https://echo.epa.gov/files/echodownloads/ICIS-AIR_downloads.zip,2026-07-26T16:26:00-0400,df324152e33df18a475d4c81b5c0eab8
icis_air,ICIS-AIR_INFORMAL_ACTIONS.csv,https://echo.epa.gov/files/echodownloads/ICIS-AIR_downloads.zip,2026-07-26T16:26:00-0400,a9a72ceecb721ebaf936a6e8f30d8c5f
icis_air,ICIS-AIR_POLLUTANTS.csv,https://echo.epa.gov/files/echodownloads/ICIS-AIR_downloads.zip,2026-07-26T16:26:00-0400,65c35fd444d445619220cb8e6d296ec2
icis_air,ICIS-AIR_PROGRAMS.csv,https://echo.epa.gov/files/echodownloads/ICIS-AIR_downloads.zip,2026-07-26T16:26:00-0400,2e1faf4b61c5afc1ea59b1acf6838e6d
icis_air,ICIS-AIR_PROGRAM_SUBPARTS.csv,https://echo.epa.gov/files/echodownloads/ICIS-AIR_downloads.zip,2026-07-26T16:26:00-0400,1f93a6d34406765782100c5e06002857
icis_air,ICIS-AIR_STACK_TESTS.csv,https://echo.epa.gov/files/echodownloads/ICIS-AIR_downloads.zip,2026-07-26T16:26:00-0400,78a639ef891ed40964588c2f580529dc
icis_air,ICIS-AIR_TITLEV_CERTS.csv,https://echo.epa.gov/files/echodownloads/ICIS-AIR_downloads.zip,2026-07-26T16:26:00-0400,626841d4a539eba4ad10e7076da0786c
icis_air,ICIS-AIR_VIOLATION_HISTORY.csv,https://echo.epa.gov/files/echodownloads/ICIS-AIR_downloads.zip,2026-07-26T16:26:00-0400,b8e60da680f288ce12f5bc8344e6fe9b
frs,FRS_FACILITIES.csv,https://www.epa.gov/frs/epa-state-combined-csv-download-files,2026-07-13T12:04:06-0400,bd3df511a490f9109fa1320f26cd780b
us_counties,us_counties.shp,https://www.census.gov/geographies/mapping-files/time-series/geo/cartographic-boundary.html,2026-07-13T12:04:07-0400,8a86522e3af171edeeacc5437db032d1
frs,FRS_PROGRAM_LINKS.csv,https://echo.epa.gov/tools/data-downloads/frs-download-summary,2026-07-26T12:25:05-0400,a77b9cc6c427aa2add8d80eb77b0aa23
pipeline,PIPELINE_CAA_00_COMPLETE.csv,https://echo.epa.gov/files/echodownloads/pipeline_caa_downloads.zip,2026-07-27T16:15:50-0400,fbb7fc3c52c5f7c5715604dc74905552
icis_air_wayback_2015,ICIS-AIR_FACILITIES.csv,https://web.archive.org/web/20150927111008id_/https://echo.epa.gov/files/echodownloads/ICIS-AIR_downloads.zip,2026-07-29T11:39:09-0400,d45e33564fb32573053c52d2916526d8
icis_air_wayback_2015,ICIS-AIR_FCES_PCES.csv,https://web.archive.org/web/20150927111008id_/https://echo.epa.gov/files/echodownloads/ICIS-AIR_downloads.zip,2026-07-29T11:39:09-0400,f6125b89978888a43e1b217585e0b71e
icis_air_wayback_2015,ICIS-AIR_FORMAL_ACTIONS.csv,https://web.archive.org/web/20150927111008id_/https://echo.epa.gov/files/echodownloads/ICIS-AIR_downloads.zip,2026-07-29T11:39:09-0400,0a1fce4016c615d81d3d47c2ae3223f0
icis_air_wayback_2015,ICIS-AIR_HPV_HISTORY.csv,https://web.archive.org/web/20150927111008id_/https://echo.epa.gov/files/echodownloads/ICIS-AIR_downloads.zip,2026-07-29T11:39:09-0400,1fdfbb962515ba5332b8e94210808ec8
icis_air_wayback_2015,ICIS-AIR_INFORMAL_ACTIONS.csv,https://web.archive.org/web/20150927111008id_/https://echo.epa.gov/files/echodownloads/ICIS-AIR_downloads.zip,2026-07-29T11:39:09-0400,ca6de1873dce208eae51639d31560485
icis_air_wayback_2015,ICIS-AIR_POLLUTANTS.csv,https://web.archive.org/web/20150927111008id_/https://echo.epa.gov/files/echodownloads/ICIS-AIR_downloads.zip,2026-07-29T11:39:09-0400,60ee09a2d9e15a7fce36bb8ea277ded1
icis_air_wayback_2015,ICIS-AIR_PROGRAM_SUBPARTS.csv,https://web.archive.org/web/20150927111008id_/https://echo.epa.gov/files/echodownloads/ICIS-AIR_downloads.zip,2026-07-29T11:39:10-0400,29d563532d83af0259cbeaca03a073fb
icis_air_wayback_2015,ICIS-AIR_PROGRAMS.csv,https://web.archive.org/web/20150927111008id_/https://echo.epa.gov/files/echodownloads/ICIS-AIR_downloads.zip,2026-07-29T11:39:10-0400,ce4e27cfa7563d54ce746ffc71478c21
icis_air_wayback_2015,ICIS-AIR_STACK_TESTS.csv,https://web.archive.org/web/20150927111008id_/https://echo.epa.gov/files/echodownloads/ICIS-AIR_downloads.zip,2026-07-29T11:39:10-0400,c75e5123c83abef002d0408845b85b6e
icis_air_wayback_2015,ICIS-AIR_TITLEV_CERTS.csv,https://web.archive.org/web/20150927111008id_/https://echo.epa.gov/files/echodownloads/ICIS-AIR_downloads.zip,2026-07-29T11:39:10-0400,c6aba579084415b2bb8cc2f191010571
icis_air_wayback_2022,ICIS-AIR_FACILITIES.csv,https://web.archive.org/web/20221129221859id_/https://echo.epa.gov/files/echodownloads/ICIS-AIR_downloads.zip,2026-07-29T11:40:06-0400,448c4eab334b8560903d6006bc3a3a26
icis_air_wayback_2022,ICIS-AIR_FCES_PCES.csv,https://web.archive.org/web/20221129221859id_/https://echo.epa.gov/files/echodownloads/ICIS-AIR_downloads.zip,2026-07-29T11:40:07-0400,59cb5b6f34188ce01100361e279ed282
icis_air_wayback_2022,ICIS-AIR_FORMAL_ACTIONS.csv,https://web.archive.org/web/20221129221859id_/https://echo.epa.gov/files/echodownloads/ICIS-AIR_downloads.zip,2026-07-29T11:40:07-0400,8b1f27cdec3ef63401207f26193beb32
icis_air_wayback_2022,ICIS-AIR_INFORMAL_ACTIONS.csv,https://web.archive.org/web/20221129221859id_/https://echo.epa.gov/files/echodownloads/ICIS-AIR_downloads.zip,2026-07-29T11:40:07-0400,577c308b14106793bbfe0e25ceb2ce5b
icis_air_wayback_2022,ICIS-AIR_POLLUTANTS.csv,https://web.archive.org/web/20221129221859id_/https://echo.epa.gov/files/echodownloads/ICIS-AIR_downloads.zip,2026-07-29T11:40:08-0400,def615a8487b489c943e841da7c01af8
icis_air_wayback_2022,ICIS-AIR_PROGRAM_SUBPARTS.csv,https://web.archive.org/web/20221129221859id_/https://echo.epa.gov/files/echodownloads/ICIS-AIR_downloads.zip,2026-07-29T11:40:08-0400,2e5087c22116f386caf14196b69bb1bc
icis_air_wayback_2022,ICIS-AIR_PROGRAMS.csv,https://web.archive.org/web/20221129221859id_/https://echo.epa.gov/files/echodownloads/ICIS-AIR_downloads.zip,2026-07-29T11:40:08-0400,f6da5b4a6458a89aed07f182340109f4
icis_air_wayback_2022,ICIS-AIR_STACK_TESTS.csv,https://web.archive.org/web/20221129221859id_/https://echo.epa.gov/files/echodownloads/ICIS-AIR_downloads.zip,2026-07-29T11:40:08-0400,01ea7967b56a61120dabbc282e0883e0
icis_air_wayback_2022,ICIS-AIR_TITLEV_CERTS.csv,https://web.archive.org/web/20221129221859id_/https://echo.epa.gov/files/echodownloads/ICIS-AIR_downloads.zip,2026-07-29T11:40:08-0400,94820031143454fd2d7cf9b5c673c652
icis_air_wayback_2022,ICIS-AIR_VIOLATION_HISTORY.csv,https://web.archive.org/web/20221129221859id_/https://echo.epa.gov/files/echodownloads/ICIS-AIR_downloads.zip,2026-07-29T11:40:09-0400,588ed4dfdd361cc43c7ea1a80e61182c
icis_air_wayback_2023,ICIS-AIR_FACILITIES.csv,https://web.archive.org/web/20230601011243id_/https://echo.epa.gov/files/echodownloads/ICIS-AIR_downloads.zip,2026-07-29T11:41:07-0400,5b09f4319997d3925f86169b84396b23
icis_air_wayback_2023,ICIS-AIR_FCES_PCES.csv,https://web.archive.org/web/20230601011243id_/https://echo.epa.gov/files/echodownloads/ICIS-AIR_downloads.zip,2026-07-29T11:41:07-0400,5de7e588bf0e3ed934a379ac2589f09d
icis_air_wayback_2023,ICIS-AIR_FORMAL_ACTIONS.csv,https://web.archive.org/web/20230601011243id_/https://echo.epa.gov/files/echodownloads/ICIS-AIR_downloads.zip,2026-07-29T11:41:07-0400,2354d68c1cf1a5ef3800407b3007f89d
icis_air_wayback_2023,ICIS-AIR_INFORMAL_ACTIONS.csv,https://web.archive.org/web/20230601011243id_/https://echo.epa.gov/files/echodownloads/ICIS-AIR_downloads.zip,2026-07-29T11:41:08-0400,e07c8f2972b97648f16d7181fe78c8d7
icis_air_wayback_2023,ICIS-AIR_POLLUTANTS.csv,https://web.archive.org/web/20230601011243id_/https://echo.epa.gov/files/echodownloads/ICIS-AIR_downloads.zip,2026-07-29T11:41:08-0400,01fd6323443721f3ac0f27f881e9bd47
icis_air_wayback_2023,ICIS-AIR_PROGRAM_SUBPARTS.csv,https://web.archive.org/web/20230601011243id_/https://echo.epa.gov/files/echodownloads/ICIS-AIR_downloads.zip,2026-07-29T11:41:08-0400,97cc9cf51ce9dc5909a8c066a9412d8c
icis_air_wayback_2023,ICIS-AIR_PROGRAMS.csv,https://web.archive.org/web/20230601011243id_/https://echo.epa.gov/files/echodownloads/ICIS-AIR_downloads.zip,2026-07-29T11:41:08-0400,cd68c2f53782f0641bcf3692165b3bc4
icis_air_wayback_2023,ICIS-AIR_STACK_TESTS.csv,https://web.archive.org/web/20230601011243id_/https://echo.epa.gov/files/echodownloads/ICIS-AIR_downloads.zip,2026-07-29T11:41:08-0400,23c0c71254e7cbd034c1f779f32dfbad
icis_air_wayback_2023,ICIS-AIR_TITLEV_CERTS.csv,https://web.archive.org/web/20230601011243id_/https://echo.epa.gov/files/echodownloads/ICIS-AIR_downloads.zip,2026-07-29T11:41:09-0400,1e118af8abdec287fec6e695c3b235c5
icis_air_wayback_2023,ICIS-AIR_VIOLATION_HISTORY.csv,https://web.archive.org/web/20230601011243id_/https://echo.epa.gov/files/echodownloads/ICIS-AIR_downloads.zip,2026-07-29T11:41:09-0400,1ee82294c0c6f2c905822cabda33ceb1
icis_air_wayback_2024,ICIS-AIR_FACILITIES.csv,https://web.archive.org/web/20241210051325id_/https://echo.epa.gov/files/echodownloads/ICIS-AIR_downloads.zip,2026-07-29T11:42:21-0400,933b8452c08e4d34ed6f11473e061a13
icis_air_wayback_2024,ICIS-AIR_FCES_PCES.csv,https://web.archive.org/web/20241210051325id_/https://echo.epa.gov/files/echodownloads/ICIS-AIR_downloads.zip,2026-07-29T11:42:21-0400,cf6294429950417bee7ebe8d8709ab0f
icis_air_wayback_2024,ICIS-AIR_FORMAL_ACTIONS.csv,https://web.archive.org/web/20241210051325id_/https://echo.epa.gov/files/echodownloads/ICIS-AIR_downloads.zip,2026-07-29T11:42:22-0400,7763ce752d16b5b5837b4730c4e6a86f
icis_air_wayback_2024,ICIS-AIR_INFORMAL_ACTIONS.csv,https://web.archive.org/web/20241210051325id_/https://echo.epa.gov/files/echodownloads/ICIS-AIR_downloads.zip,2026-07-29T11:42:22-0400,fb77644457d7df697d88c7ee4d426d28
icis_air_wayback_2024,ICIS-AIR_POLLUTANTS.csv,https://web.archive.org/web/20241210051325id_/https://echo.epa.gov/files/echodownloads/ICIS-AIR_downloads.zip,2026-07-29T11:42:22-0400,b02cc4fcd976e3d25d2349c19040172c
icis_air_wayback_2024,ICIS-AIR_PROGRAM_SUBPARTS.csv,https://web.archive.org/web/20241210051325id_/https://echo.epa.gov/files/echodownloads/ICIS-AIR_downloads.zip,2026-07-29T11:42:23-0400,f01ce8fe9c3251c335155ecac580a414
icis_air_wayback_2024,ICIS-AIR_PROGRAMS.csv,https://web.archive.org/web/20241210051325id_/https://echo.epa.gov/files/echodownloads/ICIS-AIR_downloads.zip,2026-07-29T11:42:23-0400,fc46c1051e870d11832c26b3e1736a4f
icis_air_wayback_2024,ICIS-AIR_STACK_TESTS.csv,https://web.archive.org/web/20241210051325id_/https://echo.epa.gov/files/echodownloads/ICIS-AIR_downloads.zip,2026-07-29T11:42:23-0400,e79490d49c810a5e48fc225476709ced
icis_air_wayback_2024,ICIS-AIR_TITLEV_CERTS.csv,https://web.archive.org/web/20241210051325id_/https://echo.epa.gov/files/echodownloads/ICIS-AIR_downloads.zip,2026-07-29T11:42:23-0400,beac2160372ec178706ba8bc411f02fd
icis_air_wayback_2024,ICIS-AIR_VIOLATION_HISTORY.csv,https://web.archive.org/web/20241210051325id_/https://echo.epa.gov/files/echodownloads/ICIS-AIR_downloads.zip,2026-07-29T11:42:24-0400,cd28e39e32451797643c62f3bb075e2e
icis_air_wayback_2025,ICIS-AIR_FACILITIES.csv,https://web.archive.org/web/20250914052608id_/https://echo.epa.gov/files/echodownloads/ICIS-AIR_downloads.zip,2026-07-29T11:42:56-0400,b1664e1b1c5a3120c0e0a4f8983b31fa
icis_air_wayback_2025,ICIS-AIR_FCES_PCES.csv,https://web.archive.org/web/20250914052608id_/https://echo.epa.gov/files/echodownloads/ICIS-AIR_downloads.zip,2026-07-29T11:42:56-0400,b8f2921431f8777e146b68faee202616
icis_air_wayback_2025,ICIS-AIR_FORMAL_ACTIONS.csv,https://web.archive.org/web/20250914052608id_/https://echo.epa.gov/files/echodownloads/ICIS-AIR_downloads.zip,2026-07-29T11:42:57-0400,737af2ac7cb0de417d940e875d9d6a79
icis_air_wayback_2025,ICIS-AIR_INFORMAL_ACTIONS.csv,https://web.archive.org/web/20250914052608id_/https://echo.epa.gov/files/echodownloads/ICIS-AIR_downloads.zip,2026-07-29T11:42:57-0400,77f18f89752d162ceb3cf9b62c855a78
icis_air_wayback_2025,ICIS-AIR_POLLUTANTS.csv,https://web.archive.org/web/20250914052608id_/https://echo.epa.gov/files/echodownloads/ICIS-AIR_downloads.zip,2026-07-29T11:42:57-0400,878a968bbaa85d333baf2ca3f4d65d19
icis_air_wayback_2025,ICIS-AIR_PROGRAM_SUBPARTS.csv,https://web.archive.org/web/20250914052608id_/https://echo.epa.gov/files/echodownloads/ICIS-AIR_downloads.zip,2026-07-29T11:42:58-0400,1116d10a4bc1a62950560e8d8bf655ce
icis_air_wayback_2025,ICIS-AIR_PROGRAMS.csv,https://web.archive.org/web/20250914052608id_/https://echo.epa.gov/files/echodownloads/ICIS-AIR_downloads.zip,2026-07-29T11:42:58-0400,09b8f69c54af98ee4f3e9fc4346b4fcf
icis_air_wayback_2025,ICIS-AIR_STACK_TESTS.csv,https://web.archive.org/web/20250914052608id_/https://echo.epa.gov/files/echodownloads/ICIS-AIR_downloads.zip,2026-07-29T11:42:58-0400,81173d6085af29b36cd40380ea148024
icis_air_wayback_2025,ICIS-AIR_TITLEV_CERTS.csv,https://web.archive.org/web/20250914052608id_/https://echo.epa.gov/files/echodownloads/ICIS-AIR_downloads.zip,2026-07-29T11:42:58-0400,51aa88fc9507b5d052f3580734cb7ecc
icis_air_wayback_2025,ICIS-AIR_VIOLATION_HISTORY.csv,https://web.archive.org/web/20250914052608id_/https://echo.epa.gov/files/echodownloads/ICIS-AIR_downloads.zip,2026-07-29T11:42:59-0400,31a213ba01e27ffb48a49a0712955cb6
icis_air_wayback_2015,ICIS-AIR_FACILITIES.csv,https://web.archive.org/web/20150927111008id_/https://echo.epa.gov/files/echodownloads/ICIS-AIR_downloads.zip,2026-07-29T12:07:21-0400,d45e33564fb32573053c52d2916526d8
icis_air_wayback_2015,ICIS-AIR_FCES_PCES.csv,https://web.archive.org/web/20150927111008id_/https://echo.epa.gov/files/echodownloads/ICIS-AIR_downloads.zip,2026-07-29T12:07:21-0400,f6125b89978888a43e1b217585e0b71e
icis_air_wayback_2015,ICIS-AIR_FORMAL_ACTIONS.csv,https://web.archive.org/web/20150927111008id_/https://echo.epa.gov/files/echodownloads/ICIS-AIR_downloads.zip,2026-07-29T12:07:22-0400,0a1fce4016c615d81d3d47c2ae3223f0
icis_air_wayback_2015,ICIS-AIR_HPV_HISTORY.csv,https://web.archive.org/web/20150927111008id_/https://echo.epa.gov/files/echodownloads/ICIS-AIR_downloads.zip,2026-07-29T12:07:22-0400,1fdfbb962515ba5332b8e94210808ec8
icis_air_wayback_2015,ICIS-AIR_INFORMAL_ACTIONS.csv,https://web.archive.org/web/20150927111008id_/https://echo.epa.gov/files/echodownloads/ICIS-AIR_downloads.zip,2026-07-29T12:07:22-0400,ca6de1873dce208eae51639d31560485
icis_air_wayback_2015,ICIS-AIR_POLLUTANTS.csv,https://web.archive.org/web/20150927111008id_/https://echo.epa.gov/files/echodownloads/ICIS-AIR_downloads.zip,2026-07-29T12:07:22-0400,60ee09a2d9e15a7fce36bb8ea277ded1
icis_air_wayback_2015,ICIS-AIR_PROGRAM_SUBPARTS.csv,https://web.archive.org/web/20150927111008id_/https://echo.epa.gov/files/echodownloads/ICIS-AIR_downloads.zip,2026-07-29T12:07:22-0400,29d563532d83af0259cbeaca03a073fb
icis_air_wayback_2015,ICIS-AIR_PROGRAMS.csv,https://web.archive.org/web/20150927111008id_/https://echo.epa.gov/files/echodownloads/ICIS-AIR_downloads.zip,2026-07-29T12:07:22-0400,ce4e27cfa7563d54ce746ffc71478c21
icis_air_wayback_2015,ICIS-AIR_STACK_TESTS.csv,https://web.archive.org/web/20150927111008id_/https://echo.epa.gov/files/echodownloads/ICIS-AIR_downloads.zip,2026-07-29T12:07:22-0400,c75e5123c83abef002d0408845b85b6e
icis_air_wayback_2015,ICIS-AIR_TITLEV_CERTS.csv,https://web.archive.org/web/20150927111008id_/https://echo.epa.gov/files/echodownloads/ICIS-AIR_downloads.zip,2026-07-29T12:07:22-0400,c6aba579084415b2bb8cc2f191010571
